{
  "Africa-Abidjan-tz": {
    "timezone": "Africa/Abidjan"
  },
  "Africa-Accra-tz": {
    "timezone": "Africa/Accra"
  },
  "Africa-Addis_Ababa-tz": {
    "timezone": "Africa/Addis_Ababa"
  },
  "Africa-Algiers-tz": {
    "timezone": "Africa/Algiers"
  },
  "Africa-Asmara-tz": {
    "timezone": "Africa/Asmara"
  },
  "Africa-Bamako-tz": {
    "timezone": "Africa/Bamako"
  },
  "Africa-Bangui-tz": {
    "timezone": "Africa/Bangui"
  },
  "Africa-Banjul-tz": {
    "timezone": "Africa/Banjul"
  },
  "Africa-Bissau-tz": {
    "timezone": "Africa/Bissau"
  },
  "Africa-Blantyre-tz": {
    "timezone": "Africa/Blantyre"
  },
  "Africa-Brazzaville-tz": {
    "timezone": "Africa/Brazzaville"
  },
  "Africa-Bujumbura-tz": {
    "timezone": "Africa/Bujumbura"
  },
  "Africa-Cairo-tz": {
    "timezone": "Africa/Cairo"
  },
  "Africa-Casablanca-tz": {
    "timezone": "Africa/Casablanca"
  },
  "Africa-Conakry-tz": {
    "timezone": "Africa/Conakry"
  },
  "Africa-Ceuta-tz": {
    "timezone": "Africa/Ceuta"
  },
  "Africa-Dakar-tz": {
    "timezone": "Africa/Dakar"
  },
  "Africa-Dar_es_Salaam-tz": {
    "timezone": "Africa/Dar_es_Salaam"
  },
  "Africa-Djibouti-tz": {
    "timezone": "Africa/Djibouti"
  },
  "Africa-Douala-tz": {
    "timezone": "Africa/Douala"
  },
  "Africa-El_Aaiun-tz": {
    "timezone": "Africa/El_Aaiun"
  },
  "Africa-Freetown-tz": {
    "timezone": "Africa/Freetown"
  },
  "Africa-Gaborone-tz": {
    "timezone": "Africa/Gaborone"
  },
  "Africa-Harare-tz": {
    "timezone": "Africa/Harare"
  },
  "Africa-Johannesburg-tz": {
    "timezone": "Africa/Johannesburg"
  },
  "Africa-Juba-tz": {
    "timezone": "Africa/Juba"
  },
  "Africa-Kampala-tz": {
    "timezone": "Africa/Kampala"
  },
  "Africa-Khartoum-tz": {
    "timezone": "Africa/Khartoum"
  },
  "Africa-Kigali-tz": {
    "timezone": "Africa/Kigali"
  },
  "Africa-Kinshasa-tz": {
    "timezone": "Africa/Kinshasa"
  },
  "Africa-Lagos-tz": {
    "timezone": "Africa/Lagos"
  },
  "Africa-Libreville-tz": {
    "timezone": "Africa/Libreville"
  },
  "Africa-Lome-tz": {
    "timezone": "Africa/Lome"
  },
  "Africa-Luanda-tz": {
    "timezone": "Africa/Luanda"
  },
  "Africa-Lubumbashi-tz": {
    "timezone": "Africa/Lubumbashi"
  },
  "Africa-Lusaka-tz": {
    "timezone": "Africa/Lusaka"
  },
  "Africa-Malabo-tz": {
    "timezone": "Africa/Malabo"
  },
  "Africa-Maputo-tz": {
    "timezone": "Africa/Maputo"
  },
  "Africa-Maseru-tz": {
    "timezone": "Africa/Maseru"
  },
  "Africa-Mbabane-tz": {
    "timezone": "Africa/Mbabane"
  },
  "Africa-Mogadishu-tz": {
    "timezone": "Africa/Mogadishu"
  },
  "Africa-Monrovia-tz": {
    "timezone": "Africa/Monrovia"
  },
  "Africa-Nairobi-tz": {
    "timezone": "Africa/Nairobi"
  },
  "Africa-Ndjamena-tz": {
    "timezone": "Africa/Ndjamena"
  },
  "Africa-Niamey-tz": {
    "timezone": "Africa/Niamey"
  },
  "Africa-Nouakchott-tz": {
    "timezone": "Africa/Nouakchott"
  },
  "Africa-Ouagadougou-tz": {
    "timezone": "Africa/Ouagadougou"
  },
  "Africa-Porto_Novo-tz": {
    "timezone": "Africa/Porto-Novo"
  },
  "Africa-Sao_Tome-tz": {
    "timezone": "Africa/Sao_Tome"
  },
  "Africa-Tripoli-tz": {
    "timezone": "Africa/Tripoli"
  },
  "Africa-Tunis-tz": {
    "timezone": "Africa/Tunis"
  },
  "Africa-Windhoek-tz": {
    "timezone": "Africa/Windhoek"
  },
  "America-Adak-tz": {
    "timezone": "America/Adak"
  },
  "America-Anchorage-tz": {
    "timezone": "America/Anchorage"
  },
  "America-Anguilla-tz": {
    "timezone": "America/Anguilla"
  },
  "America-Antigua-tz": {
    "timezone": "America/Antigua"
  },
  "America-Aruba-tz": {
    "timezone": "America/Aruba"
  },
  "America-Araguaina-tz": {
    "timezone": "America/Araguaina"
  },
  "America-Argentina-Buenos_Aires-tz": {
    "timezone": "America/Argentina/Buenos_Aires"
  },
  "America-Argentina-Catamarca-tz": {
    "timezone": "America/Argentina/Catamarca"
  },
  "America-Argentina-Cordoba-tz": {
    "timezone": "America/Argentina/Cordoba"
  },
  "America-Argentina-Jujuy-tz": {
    "timezone": "America/Argentina/Jujuy"
  },
  "America-Argentina-La_Rioja-tz": {
    "timezone": "America/Argentina/La_Rioja"
  },
  "America-Argentina-Mendoza-tz": {
    "timezone": "America/Argentina/Mendoza"
  },
  "America-Argentina-Rio_Gallegos-tz": {
    "timezone": "America/Argentina/Rio_Gallegos"
  },
  "America-Argentina-Salta-tz": {
    "timezone": "America/Argentina/Salta"
  },
  "America-Argentina-San_Juan-tz": {
    "timezone": "America/Argentina/San_Juan"
  },
  "America-Argentina-San_Luis-tz": {
    "timezone": "America/Argentina/San_Luis"
  },
  "America-Argentina-Tucuman-tz": {
    "timezone": "America/Argentina/Tucuman"
  },
  "America-Argentina-Ushuaia-tz": {
    "timezone": "America/Argentina/Ushuaia"
  },
  "America-Asuncion-tz": {
    "timezone": "America/Asuncion"
  },
  "America-Atikokan-tz": {
    "timezone": "America/Atikokan"
  },
  "America-Bahia-tz": {
    "timezone": "America/Bahia"
  },
  "America-Bahia_Banderas-tz": {
    "timezone": "America/Bahia_Banderas"
  },
  "America-Barbados-tz": {
    "timezone": "America/Barbados"
  },
  "America-Belem-tz": {
    "timezone": "America/Belem"
  },
  "America-Belize-tz": {
    "timezone": "America/Belize"
  },
  "America-Blanc_Sablon-tz": {
    "timezone": "America/Blanc-Sablon"
  },
  "America-Boise-tz": {
    "timezone": "America/Boise"
  },
  "America-Boa_Vista-tz": {
    "timezone": "America/Boa_Vista"
  },
  "America-Bogota-tz": {
    "timezone": "America/Bogota"
  },
  "America-Cambridge_Bay-tz": {
    "timezone": "America/Cambridge_Bay"
  },
  "America-Campo_Grande-tz": {
    "timezone": "America/Campo_Grande"
  },
  "America-Cancun-tz": {
    "timezone": "America/Cancun"
  },
  "America-Caracas-tz": {
    "timezone": "America/Caracas"
  },
  "America-Cayenne-tz": {
    "timezone": "America/Cayenne"
  },
  "America-Cayman-tz": {
    "timezone": "America/Cayman"
  },
  "America-Chicago-tz": {
    "timezone": "America/Chicago"
  },
  "America-Chihuahua-tz": {
    "timezone": "America/Chihuahua"
  },
  "America-Ciudad_Juarez-tz": {
    "timezone": "America/Ciudad_Juarez"
  },
  "America-Costa_Rica-tz": {
    "timezone": "America/Costa_Rica"
  },
  "America-Creston-tz": {
    "timezone": "America/Creston"
  },
  "America-Cuiaba-tz": {
    "timezone": "America/Cuiaba"
  },
  "America-Curacao-tz": {
    "timezone": "America/Curacao"
  },
  "America-Danmarkshavn-tz": {
    "timezone": "America/Danmarkshavn"
  },
  "America-Dawson-tz": {
    "timezone": "America/Dawson"
  },
  "America-Dawson_Creek-tz": {
    "timezone": "America/Dawson_Creek"
  },
  "America-Denver-tz": {
    "timezone": "America/Denver"
  },
  "America-Detroit-tz": {
    "timezone": "America/Detroit"
  },
  "America-Dominica-tz": {
    "timezone": "America/Dominica"
  },
  "America-Edmonton-tz": {
    "timezone": "America/Edmonton"
  },
  "America-Eirunepe-tz": {
    "timezone": "America/Eirunepe"
  },
  "America-El_Salvador-tz": {
    "timezone": "America/El_Salvador"
  },
  "America-Fort_Nelson-tz": {
    "timezone": "America/Fort_Nelson"
  },
  "America-Fortaleza-tz": {
    "timezone": "America/Fortaleza"
  },
  "America-Glace_Bay-tz": {
    "timezone": "America/Glace_Bay"
  },
  "America-Goose_Bay-tz": {
    "timezone": "America/Goose_Bay"
  },
  "America-Grand_Turk-tz": {
    "timezone": "America/Grand_Turk"
  },
  "America-Grenada-tz": {
    "timezone": "America/Grenada"
  },
  "America-Guadeloupe-tz": {
    "timezone": "America/Guadeloupe"
  },
  "America-Guatemala-tz": {
    "timezone": "America/Guatemala"
  },
  "America-Guayaquil-tz": {
    "timezone": "America/Guayaquil"
  },
  "America-Guyana-tz": {
    "timezone": "America/Guyana"
  },
  "America-Halifax-tz": {
    "timezone": "America/Halifax"
  },
  "America-Havana-tz": {
    "timezone": "America/Havana"
  },
  "America-Hermosillo-tz": {
    "timezone": "America/Hermosillo"
  },
  "America-Indiana-Indianapolis-tz": {
    "timezone": "America/Indiana/Indianapolis"
  },
  "America-Indiana-Knox-tz": {
    "timezone": "America/Indiana/Knox"
  },
  "America-Indiana-Marengo-tz": {
    "timezone": "America/Indiana/Marengo"
  },
  "America-Indiana-Petersburg-tz": {
    "timezone": "America/Indiana/Petersburg"
  },
  "America-Indiana-Tell_City-tz": {
    "timezone": "America/Indiana/Tell_City"
  },
  "America-Indiana-Vevay-tz": {
    "timezone": "America/Indiana/Vevay"
  },
  "America-Indiana-Vincennes-tz": {
    "timezone": "America/Indiana/Vincennes"
  },
  "America-Indiana-Winamac-tz": {
    "timezone": "America/Indiana/Winamac"
  },
  "America-Inuvik-tz": {
    "timezone": "America/Inuvik"
  },
  "America-Iqaluit-tz": {
    "timezone": "America/Iqaluit"
  },
  "America-Jamaica-tz": {
    "timezone": "America/Jamaica"
  },
  "America-Juneau-tz": {
    "timezone": "America/Juneau"
  },
  "America-Kentucky-Louisville-tz": {
    "timezone": "America/Kentucky/Louisville"
  },
  "America-Kralendijk-tz": {
    "timezone": "America/Kralendijk"
  },
  "America-La_Paz-tz": {
    "timezone": "America/La_Paz"
  },
  "America-Lima-tz": {
    "timezone": "America/Lima"
  },
  "America-Los_Angeles-tz": {
    "timezone": "America/Los_Angeles"
  },
  "America-Lower_Princes-tz": {
    "timezone": "America/Lower_Princes"
  },
  "America-Kentucky-Monticello-tz": {
    "timezone": "America/Kentucky/Monticello"
  },
  "America-Maceio-tz": {
    "timezone": "America/Maceio"
  },
  "America-Managua-tz": {
    "timezone": "America/Managua"
  },
  "America-Manaus-tz": {
    "timezone": "America/Manaus"
  },
  "America-Marigot-tz": {
    "timezone": "America/Marigot"
  },
  "America-Martinique-tz": {
    "timezone": "America/Martinique"
  },
  "America-Matamoros-tz": {
    "timezone": "America/Matamoros"
  },
  "America-Mazatlan-tz": {
    "timezone": "America/Mazatlan"
  },
  "America-Mexico_City-tz": {
    "timezone": "America/Mexico_City"
  },
  "America-Menominee-tz": {
    "timezone": "America/Menominee"
  },
  "America-Merida-tz": {
    "timezone": "America/Merida"
  },
  "America-Metlakatla-tz": {
    "timezone": "America/Metlakatla"
  },
  "America-Miquelon-tz": {
    "timezone": "America/Miquelon"
  },
  "America-Moncton-tz": {
    "timezone": "America/Moncton"
  },
  "America-Monterrey-tz": {
    "timezone": "America/Monterrey"
  },
  "America-Montevideo-tz": {
    "timezone": "America/Montevideo"
  },
  "America-Montserrat-tz": {
    "timezone": "America/Montserrat"
  },
  "America-Nassau-tz": {
    "timezone": "America/Nassau"
  },
  "America-New_York-tz": {
    "timezone": "America/New_York"
  },
  "America-Nome-tz": {
    "timezone": "America/Nome"
  },
  "America-Noronha-tz": {
    "timezone": "America/Noronha"
  },
  "America-North_Dakota-Beulah-tz": {
    "timezone": "America/North_Dakota/Beulah"
  },
  "America-North_Dakota-Center-tz": {
    "timezone": "America/North_Dakota/Center"
  },
  "America-North_Dakota-New_Salem-tz": {
    "timezone": "America/North_Dakota/New_Salem"
  },
  "America-Nuuk-tz": {
    "timezone": "America/Nuuk"
  },
  "America-Ojinaga-tz": {
    "timezone": "America/Ojinaga"
  },
  "America-Paramaribo-tz": {
    "timezone": "America/Paramaribo"
  },
  "America-Phoenix-tz": {
    "timezone": "America/Phoenix"
  },
  "America-Port-au-Prince-tz": {
    "timezone": "America/Port-au-Prince"
  },
  "America-Port_of_Spain-tz": {
    "timezone": "America/Port_of_Spain"
  },
  "America-Porto_Velho-tz": {
    "timezone": "America/Porto_Velho"
  },
  "America-Puerto_Rico-tz-old": {
    "name": "Old America/Puerto_Rico timezone"
  },
  "America-Punta_Arenas-tz": {
    "timezone": "America/Punta_Arenas"
  },
  "America-Rankin_Inlet-tz": {
    "timezone": "America/Rankin_Inlet"
  },
  "America-Recife-tz": {
    "timezone": "America/Recife"
  },
  "America-Regina-tz": {
    "timezone": "America/Regina"
  },
  "America-Resolute-tz": {
    "timezone": "America/Resolute"
  },
  "America-Rio_Branco-tz": {
    "timezone": "America/Rio_Branco"
  },
  "America-Santarem-tz": {
    "timezone": "America/Santarem"
  },
  "America-Santiago-tz": {
    "timezone": "America/Santiago"
  },
  "America-Santo_Domingo-tz": {
    "timezone": "America/Santo_Domingo"
  },
  "America-Sao_Paulo-tz": {
    "timezone": "America/Sao_Paulo"
  },
  "America-Scoresbysund-tz": {
    "timezone": "America/Scoresbysund"
  },
  "America-Sitka-tz": {
    "timezone": "America/Sitka"
  },
  "America-St_Barthelemy-tz": {
    "timezone": "America/St_Barthelemy"
  },
  "America-St_Johns-tz": {
    "timezone": "America/St_Johns"
  },
  "America-St_Kitts-tz": {
    "timezone": "America/St_Kitts"
  },
  "America-St_Lucia-tz": {
    "timezone": "America/St_Lucia"
  },
  "America-St_Thomas-tz": {
    "timezone": "America/St_Thomas"
  },
  "America-St_Vincent-tz": {
    "timezone": "America/St_Vincent"
  },
  "America-Swift_Current-tz": {
    "timezone": "America/Swift_Current"
  },
  "America-Tegucigalpa-tz": {
    "timezone": "America/Tegucigalpa"
  },
  "America-Thule-tz": {
    "timezone": "America/Thule"
  },
  "America-Tijuana-tz": {
    "timezone": "America/Tijuana"
  },
  "America-Toronto-tz": {
    "timezone": "America/Toronto"
  },
  "America-Tortola-tz": {
    "timezone": "America/Tortola"
  },
  "America-Vancouver-tz": {
    "timezone": "America/Vancouver"
  },
  "America-Whitehorse-tz": {
    "timezone": "America/Whitehorse"
  },
  "America-Winnipeg-tz": {
    "timezone": "America/Winnipeg"
  },
  "America-Yakutat-tz": {
    "timezone": "America/Yakutat"
  },
  "Arctic-Longyearbyen-tz": {
    "timezone": "Arctic/Longyearbyen"
  },
  "Asia-Aden-tz": {
    "timezone": "Asia/Aden"
  },
  "Asia-Almaty-tz": {
    "timezone": "Asia/Almaty"
  },
  "Asia-Amman-tz": {
    "timezone": "Asia/Amman"
  },
  "Asia-Anadyr-tz": {
    "timezone": "Asia/Anadyr"
  },
  "Asia-Aqtau-tz": {
    "timezone": "Asia/Aqtau"
  },
  "Asia-Aqtobe-tz": {
    "timezone": "Asia/Aqtobe"
  },
  "Asia-Ashgabat-tz": {
    "timezone": "Asia/Ashgabat"
  },
  "Asia-Atyrau-tz": {
    "timezone": "Asia/Atyrau"
  },
  "Asia-Baghdad-tz": {
    "timezone": "Asia/Baghdad"
  },
  "Asia-Bahrain-tz": {
    "timezone": "Asia/Bahrain"
  },
  "Asia-Baku-tz": {
    "timezone": "Asia/Baku"
  },
  "Asia-Bangkok-tz": {
    "timezone": "Asia/Bangkok"
  },
  "Asia-Barnaul-tz": {
    "timezone": "Asia/Barnaul"
  },
  "Asia-Beirut-tz": {
    "timezone": "Asia/Beirut"
  },
  "Asia-Bishkek-tz": {
    "timezone": "Asia/Bishkek"
  },
  "Asia-Brunei-tz": {
    "timezone": "Asia/Brunei"
  },
  "Asia-Chita-tz": {
    "timezone": "Asia/Chita"
  },
  "Asia-Choibalsan-tz": {
    "timezone": "Asia/Choibalsan"
  },
  "Asia-Colombo-tz": {
    "timezone": "Asia/Colombo"
  },
  "Asia-Damascus-tz": {
    "timezone": "Asia/Damascus"
  },
  "Asia-Dhaka-tz": {
    "timezone": "Asia/Dhaka"
  },
  "Asia-Dili-tz": {
    "timezone": "Asia/Dili"
  },
  "Asia-Dubai-tz": {
    "timezone": "Asia/Dubai"
  },
  "Asia-Dushanbe-tz": {
    "timezone": "Asia/Dushanbe"
  },
  "Asia-Famagusta-tz": {
    "timezone": "Asia/Famagusta"
  },
  "Asia-Gaza-tz": {
    "timezone": "Asia/Gaza"
  },
  "Asia-Hebron-tz": {
    "timezone": "Asia/Hebron"
  },
  "Asia-Ho_Chi_Minh-tz": {
    "timezone": "Asia/Ho_Chi_Minh"
  },
  "Asia-Hong_Kong-tz": {
    "timezone": "Asia/Hong_Kong"
  },
  "Asia-Hovd-tz": {
    "timezone": "Asia/Hovd"
  },
  "Asia-Irkutsk-tz": {
    "timezone": "Asia/Irkutsk"
  },
  "Asia-Jakarta-tz": {
    "timezone": "Asia/Jakarta"
  },
  "Asia-Jayapura-tz": {
    "timezone": "Asia/Jayapura"
  },
  "Asia-Jerusalem-tz": {
    "timezone": "Asia/Jerusalem"
  },
  "Asia-Kabul-tz": {
    "timezone": "Asia/Kabul"
  },
  "Asia-Kamchatka-tz": {
    "timezone": "Asia/Kamchatka"
  },
  "Asia-Karachi-tz": {
    "timezone": "Asia/Karachi"
  },
  "Asia-Kathmandu-tz": {
    "timezone": "Asia/Kathmandu"
  },
  "Asia-Khandyga-tz": {
    "timezone": "Asia/Khandyga"
  },
  "Asia-Kolkata-tz": {
    "timezone": "Asia/Kolkata"
  },
  "Asia-Krasnoyarsk-tz": {
    "timezone": "Asia/Krasnoyarsk"
  },
  "Asia-Kuala_Lumpur-tz": {
    "timezone": "Asia/Kuala_Lumpur"
  },
  "Asia-Kuching-tz": {
    "timezone": "Asia/Kuching"
  },
  "Asia-Kuwait-tz": {
    "timezone": "Asia/Kuwait"
  },
  "Asia-Macau-tz": {
    "timezone": "Asia/Macau"
  },
  "Asia-Magadan-tz": {
    "timezone": "Asia/Magadan"
  },
  "Asia-Makassar-tz": {
    "timezone": "Asia/Makassar"
  },
  "Asia-Manila-tz": {
    "timezone": "Asia/Manila"
  },
  "Asia-Muscat-tz": {
    "timezone": "Asia/Muscat"
  },
  "Asia-Nicosia-tz": {
    "timezone": "Asia/Nicosia"
  },
  "Asia-Novosibirsk-tz": {
    "timezone": "Asia/Novosibirsk"
  },
  "Asia-Novokuznetsk-tz": {
    "timezone": "Asia/Novokuznetsk"
  },
  "Asia-Omsk-tz": {
    "timezone": "Asia/Omsk"
  },
  "Asia-Oral-tz": {
    "timezone": "Asia/Oral"
  },
  "Asia-Phnom_Penh-tz": {
    "timezone": "Asia/Phnom_Penh"
  },
  "Asia-Pontianak-tz": {
    "timezone": "Asia/Pontianak"
  },
  "Asia-Pyongyang-tz": {
    "timezone": "Asia/Pyongyang"
  },
  "Asia-Qatar-tz": {
    "timezone": "Asia/Qatar"
  },
  "Asia-Qostanay-tz": {
    "timezone": "Asia/Qostanay"
  },
  "Asia-Qyzylorda-tz": {
    "timezone": "Asia/Qyzylorda"
  },
  "Asia-Riyadh-tz": {
    "timezone": "Asia/Riyadh"
  },
  "Asia-Sakhalin-tz": {
    "timezone": "Asia/Sakhalin"
  },
  "Asia-Samarkand-tz": {
    "timezone": "Asia/Samarkand"
  },
  "Asia-Seoul-tz": {
    "timezone": "Asia/Seoul"
  },
  "Asia-Shanghai-tz": {
    "timezone": "Asia/Shanghai"
  },
  "Asia-Singapore-tz": {
    "timezone": "Asia/Singapore"
  },
  "Asia-Srednekolymsk-tz": {
    "timezone": "Asia/Srednekolymsk"
  },
  "Asia-Taipei-tz": {
    "timezone": "Asia/Taipei"
  },
  "Asia-Tashkent-tz": {
    "timezone": "Asia/Tashkent"
  },
  "Asia-Tbilisi-tz": {
    "timezone": "Asia/Tbilisi"
  },
  "Asia-Tehran-tz": {
    "timezone": "Asia/Tehran"
  },
  "Asia-Thimphu-tz": {
    "timezone": "Asia/Thimphu"
  },
  "Asia-Tokyo-tz": {
    "timezone": "Asia/Tokyo"
  },
  "Asia-Tomsk-tz": {
    "timezone": "Asia/Tomsk"
  },
  "Asia-Ulaanbaatar-tz": {
    "timezone": "Asia/Ulaanbaatar"
  },
  "Asia-Urumqi-tz": {
    "timezone": "Asia/Urumqi"
  },
  "Asia-Ust-Nera-tz": {
    "timezone": "Asia/Ust-Nera"
  },
  "Asia-Vientiane-tz": {
    "timezone": "Asia/Vientiane"
  },
  "Asia-Vladivostok-tz": {
    "timezone": "Asia/Vladivostok"
  },
  "Asia-Yakutsk-tz": {
    "timezone": "Asia/Yakutsk"
  },
  "Asia-Yangon-tz": {
    "timezone": "Asia/Yangon"
  },
  "Asia-Yekaterinburg-tz": {
    "timezone": "Asia/Yekaterinburg"
  },
  "Asia-Yerevan-tz": {
    "timezone": "Asia/Yerevan"
  },
  "Atlantic-Azores-tz": {
    "timezone": "Atlantic/Azores"
  },
  "Atlantic-Bermuda-tz": {
    "timezone": "Atlantic/Bermuda"
  },
  "Atlantic-Canary-tz": {
    "timezone": "Atlantic/Canary"
  },
  "Atlantic-Cape_Verde-tz": {
    "timezone": "Atlantic/Cape_Verde"
  },
  "Atlantic-Faroe-tz": {
    "timezone": "Atlantic/Faroe"
  },
  "Atlantic-Madeira-tz": {
    "timezone": "Atlantic/Madeira"
  },
  "Atlantic-Reykjavik-tz": {
    "timezone": "Atlantic/Reykjavik"
  },
  "Atlantic-South_Georgia-tz": {
    "timezone": "Atlantic/South_Georgia"
  },
  "Atlantic-St_Helena-tz": {
    "timezone": "Atlantic/St_Helena"
  },
  "Atlantic-Stanley-tz": {
    "timezone": "Atlantic/Stanley"
  },
  "Australia": {
    "ISO3166-1": "AU"
  },
  "Australia-Adelaide-tz": {
    "timezone": "Australia/Adelaide"
  },
  "Australia-Brisbane-tz": {
    "timezone": "Australia/Brisbane"
  },
  "Australia-Broken_Hill-tz": {
    "timezone": "Australia/Broken_Hill"
  },
  "Australia-Darwin-tz": {
    "timezone": "Australia/Darwin"
  },
  "Australia-Eucla-tz": {
    "timezone": "Australia/Eucla"
  },
  "Australia-Hobart-tz": {
    "timezone": "Australia/Hobart"
  },
  "Australia-Lindeman-tz": {
    "timezone": "Australia/Lindeman"
  },
  "Australia-Lord_Howe-tz": {
    "timezone": "Australia/Lord_Howe"
  },
  "Australia-Melbourne-tz": {
    "timezone": "Australia/Melbourne"
  },
  "Australia-Perth-tz": {
    "timezone": "Australia/Perth"
  },
  "Australia-Sydney-tz": {
    "timezone": "Australia/Sydney"
  },
  "Corson County, SD": {
    "name": "Corson County",
    "nist:state_fips": "46"
  },
  "Dewey County, SD": {
    "name": "Dewey County",
    "nist:state_fips": "46"
  },
  "Europe-Amsterdam-tz": {
    "timezone": "Europe/Amsterdam"
  },
  "Europe-Andorra-tz": {
    "timezone": "Europe/Andorra"
  },
  "Europe-Astrakhan-tz": {
    "timezone": "Europe/Astrakhan"
  },
  "Europe-Athens-tz": {
    "timezone": "Europe/Athens"
  },
  "Europe-Belgrade-tz": {
    "timezone": "Europe/Belgrade"
  },
  "Europe-Berlin-tz": {
    "timezone": "Europe/Berlin"
  },
  "Europe-Bratislava-tz": {
    "timezone": "Europe/Bratislava"
  },
  "Europe-Brussels-tz": {
    "timezone": "Europe/Brussels"
  },
  "Europe-Bucharest-tz": {
    "timezone": "Europe/Bucharest"
  },
  "Europe-Budapest-tz": {
    "timezone": "Europe/Budapest"
  },
  "Europe-Busingen-tz": {
    "timezone": "Europe/Busingen"
  },
  "Europe-Chisinau-tz": {
    "timezone": "Europe/Chisinau"
  },
  "Europe-Copenhagen-tz": {
    "timezone": "Europe/Copenhagen"
  },
  "Europe-Dublin-tz": {
    "timezone": "Europe/Dublin"
  },
  "Europe-Gibraltar-tz": {
    "timezone": "Europe/Gibraltar"
  },
  "Europe-Guernsey-tz": {
    "timezone": "Europe/Guernsey"
  },
  "Europe-Helsinki-tz": {
    "timezone": "Europe/Helsinki"
  },
  "Europe-Isle_of_Man-tz": {
    "timezone": "Europe/Isle_of_Man"
  },
  "Europe-Istanbul-tz": {
    "timezone": "Europe/Istanbul"
  },
  "Europe-Jersey-tz": {
    "timezone": "Europe/Jersey"
  },
  "Europe-Kaliningrad-tz": {
    "timezone": "Europe/Kaliningrad"
  },
  "Europe-Kirov-tz": {
    "timezone": "Europe/Kirov"
  },
  "Europe-Kyiv-tz": {
    "timezone": "Europe/Kyiv"
  },
  "Europe-Lisbon-tz": {
    "timezone": "Europe/Lisbon"
  },
  "Europe-Ljubljana-tz": {
    "timezone": "Europe/Ljubljana"
  },
  "Europe-London-tz": {
    "timezone": "Europe/London"
  },
  "Europe-Luxembourg-tz": {
    "timezone": "Europe/Luxembourg"
  },
  "Europe-Madrid-tz": {
    "timezone": "Europe/Madrid"
  },
  "Europe-Malta-tz": {
    "timezone": "Europe/Malta"
  },
  "Europe-Mariehamn-tz": {
    "timezone": "Europe/Mariehamn"
  },
  "Europe-Minsk-tz": {
    "timezone": "Europe/Minsk"
  },
  "Europe-Monaco-tz": {
    "timezone": "Europe/Monaco"
  },
  "Europe-Moscow-tz": {
    "timezone": "Europe/Moscow"
  },
  "Europe-Oslo-tz": {
    "timezone": "Europe/Oslo"
  },
  "Europe-Paris-tz": {
    "timezone": "Europe/Paris"
  },
  "Europe-Podgorica-tz": {
    "timezone": "Europe/Podgorica"
  },
  "Europe-Prague-tz": {
    "timezone": "Europe/Prague"
  },
  "Europe-Riga-tz": {
    "timezone": "Europe/Riga"
  },
  "Europe-Rome-tz": {
    "timezone": "Europe/Rome"
  },
  "Europe-Samara-tz": {
    "timezone": "Europe/Samara"
  },
  "Europe-San_Marino-tz": {
    "timezone": "Europe/San_Marino"
  },
  "Europe-Sarajevo-tz": {
    "timezone": "Europe/Sarajevo"
  },
  "Europe-Saratov-tz": {
    "timezone": "Europe/Saratov"
  },
  "Europe-Simferopol-tz": {
    "timezone": "Europe/Simferopol"
  },
  "Europe-Skopje-tz": {
    "timezone": "Europe/Skopje"
  },
  "Europe-Sofia-tz": {
    "timezone": "Europe/Sofia"
  },
  "Europe-Stockholm-tz": {
    "timezone": "Europe/Stockholm"
  },
  "Europe-Tallinn-tz": {
    "timezone": "Europe/Tallinn"
  },
  "Europe-Tirane-tz": {
    "timezone": "Europe/Tirane"
  },
  "Europe-Ulyanovsk-tz": {
    "timezone": "Europe/Ulyanovsk"
  },
  "Europe-Vaduz-tz": {
    "timezone": "Europe/Vaduz"
  },
  "Europe-Vatican-tz": {
    "timezone": "Europe/Vatican"
  },
  "Europe-Vienna-tz": {
    "timezone": "Europe/Vienna"
  },
  "Europe-Vilnius-tz": {
    "timezone": "Europe/Vilnius"
  },
  "Europe-Volgograd-tz": {
    "timezone": "Europe/Volgograd"
  },
  "Europe-Warsaw-tz": {
    "timezone": "Europe/Warsaw"
  },
  "Europe-Zagreb-tz": {
    "timezone": "Europe/Zagreb"
  },
  "Europe-Zurich-tz": {
    "timezone": "Europe/Zurich"
  },
  "Grant County, ND": {
    "name": "Grant County",
    "nist:state_fips": "38"
  },
  "Indian-Antananarivo-tz": {
    "timezone": "Indian/Antananarivo"
  },
  "Indian-Chagos-tz": {
    "timezone": "Indian/Chagos"
  },
  "Indian-Christmas-tz": {
    "timezone": "Indian/Christmas"
  },
  "Indian-Cocos-tz": {
    "timezone": "Indian/Cocos"
  },
  "Indian-Comoro-tz": {
    "timezone": "Indian/Comoro"
  },
  "Indian-Kerguelen-tz": {
    "timezone": "Indian/Kerguelen"
  },
  "Indian-Mahe-tz": {
    "timezone": "Indian/Mahe"
  },
  "Indian-Maldives-tz": {
    "timezone": "Indian/Maldives"
  },
  "Indian-Mauritius-tz": {
    "timezone": "Indian/Mauritius"
  },
  "Indian-Mayotte-tz": {
    "timezone": "Indian/Mayotte"
  },
  "Indian-Reunion-tz": {
    "timezone": "Indian/Reunion"
  },
  "Jungholz, AT": {
    "name": "Jungholz",
    "admin_level": "8"
  },
  "Pacific-Apia-tz": {
    "timezone": "Pacific/Apia"
  },
  "Pacific-Auckland-tz": {
    "timezone": "Pacific/Auckland"
  },
  "Pacific-Bougainville-tz": {
    "timezone": "Pacific/Bougainville"
  },
  "Pacific-Chatham-tz": {
    "timezone": "Pacific/Chatham"
  },
  "Pacific-Chuuk-tz": {
    "timezone": "Pacific/Chuuk"
  },
  "Pacific-Easter-tz": {
    "timezone": "Pacific/Easter"
  },
  "Pacific-Efate-tz": {
    "timezone": "Pacific/Efate"
  },
  "Pacific-Fakaofo-tz": {
    "timezone": "Pacific/Fakaofo"
  },
  "Pacific-Fiji-tz": {
    "timezone": "Pacific/Fiji"
  },
  "Pacific-Funafuti-tz": {
    "timezone": "Pacific/Funafuti"
  },
  "Pacific-Galapagos-tz": {
    "timezone": "Pacific/Galapagos"
  },
  "Pacific-Gambier-tz": {
    "timezone": "Pacific/Gambier"
  },
  "Pacific-Guadalcanal-tz": {
    "timezone": "Pacific/Guadalcanal"
  },
  "Pacific-Guam-tz": {
    "timezone": "Pacific/Guam"
  },
  "Pacific-Honolulu-tz": {
    "timezone": "Pacific/Honolulu"
  },
  "Pacific-Kanton-tz": {
    "timezone": "Pacific/Kanton"
  },
  "Pacific-Kiritimati-tz": {
    "timezone": "Pacific/Kiritimati"
  },
  "Pacific-Kosrae-tz": {
    "timezone": "Pacific/Kosrae"
  },
  "Pacific-Kwajalein-tz": {
    "timezone": "Pacific/Kwajalein"
  },
  "Pacific-Majuro-tz": {
    "timezone": "Pacific/Majuro"
  },
  "Pacific-Marquesas-tz": {
    "timezone": "Pacific/Marquesas"
  },
  "Pacific-Midway-tz": {
    "timezone": "Pacific/Midway"
  },
  "Pacific-Nauru-tz": {
    "timezone": "Pacific/Nauru"
  },
  "Pacific-Niue-tz": {
    "timezone": "Pacific/Niue"
  },
  "Pacific-Norfolk-tz": {
    "timezone": "Pacific/Norfolk"
  },
  "Pacific-Noumea-tz": {
    "timezone": "Pacific/Noumea"
  },
  "Pacific-Pago_Pago-tz": {
    "timezone": "Pacific/Pago_Pago"
  },
  "Pacific-Palau-tz": {
    "timezone": "Pacific/Palau"
  },
  "Pacific-Pitcairn-tz": {
    "timezone": "Pacific/Pitcairn"
  },
  "Pacific-Pohnpei-tz": {
    "timezone": "Pacific/Pohnpei"
  },
  "Pacific-Port_Moresby-tz": {
    "timezone": "Pacific/Port_Moresby"
  },
  "Pacific-Rarotonga-tz": {
    "timezone": "Pacific/Rarotonga"
  },
  "Pacific-Saipan-tz": {
    "timezone": "Pacific/Saipan"
  },
  "Pacific-Tahiti-tz": {
    "timezone": "Pacific/Tahiti"
  },
  "Pacific-Tarawa-tz": {
    "timezone": "Pacific/Tarawa"
  },
  "Pacific-Tongatapu-tz": {
    "timezone": "Pacific/Tongatapu"
  },
  "Pacific-Wake-tz": {
    "timezone": "Pacific/Wake"
  },
  "Pacific-Wallis-tz": {
    "timezone": "Pacific/Wallis"
  },
  "Panama": {
    "ISO3166-1": "PA"
  },
  "Sioux County, ND": {
    "name": "Sioux County",
    "nist:state_fips": "38"
  }
}